{"cameraMode":{"drawMode":0,"name":"Shaded","section":"Shading Mode"},"sceneLighting":false,"audioPlay":false,"sceneViewState":{"showFog":true,"showMaterialUpdate":false,"showSkybox":false,"showFlares":true,"showImageEffects":true,"showParticleSystems":true},"in2DMode":false,"pivot":{"x":4.350439071655273,"y":3.4692418575286867,"z":10.75739860534668},"rotation":{"x":0.22650864720344544,"y":-0.21389995515346528,"z":0.051052067428827289,"w":0.9489494562149048},"size":42.04566192626953,"orthographic":false}