{"cameraMode":{"drawMode":0,"name":"Shaded","section":"Shading Mode"},"sceneLighting":true,"audioPlay":false,"sceneViewState":{"showFog":true,"showMaterialUpdate":false,"showSkybox":false,"showFlares":true,"showImageEffects":true,"showParticleSystems":true},"in2DMode":false,"pivot":{"x":-1.454696774482727,"y":0.5932744741439819,"z":-13.85067367553711},"rotation":{"x":0.12937606871128083,"y":0.749729573726654,"z":-0.1540120244026184,"w":0.6306180357933044},"size":37.40202331542969,"orthographic":false}