{"cameraMode":{"drawMode":0,"name":"Shaded","section":"Shading Mode"},"sceneLighting":false,"audioPlay":false,"sceneViewState":{"showFog":true,"showMaterialUpdate":false,"showSkybox":false,"showFlares":true,"showImageEffects":true,"showParticleSystems":true},"in2DMode":false,"pivot":{"x":-0.042922187596559528,"y":0.8311593532562256,"z":11.19842529296875},"rotation":{"x":0.12417718768119812,"y":0.006247042678296566,"z":-0.0007823161431588233,"w":0.9922493100166321},"size":1.2724308967590333,"orthographic":false}