{"cameraMode":{"drawMode":0,"name":"Shaded","section":"Shading Mode"},"sceneLighting":false,"audioPlay":false,"sceneViewState":{"showFog":true,"showMaterialUpdate":false,"showSkybox":false,"showFlares":true,"showImageEffects":true,"showParticleSystems":true},"in2DMode":false,"pivot":{"x":-0.09649181365966797,"y":-1.1933327913284302,"z":17.198610305786134},"rotation":{"x":-0.31435275077819826,"y":0.01763789728283882,"z":-0.005935525521636009,"w":-0.949203372001648},"size":5.472431182861328,"orthographic":false}