{"cameraMode":{"drawMode":0,"name":"Shaded","section":"Shading Mode"},"sceneLighting":false,"audioPlay":false,"sceneViewState":{"showFog":true,"showMaterialUpdate":false,"showSkybox":false,"showFlares":true,"showImageEffects":true,"showParticleSystems":true},"in2DMode":false,"pivot":{"x":-0.6003443598747253,"y":-0.08701381087303162,"z":-2.1714277267456056},"rotation":{"x":-0.08271501958370209,"y":0.00806797482073307,"z":-0.0006971401744522154,"w":-0.9965806007385254},"size":4.832578182220459,"orthographic":false}