{"cameraMode":{"drawMode":0,"name":"Shaded","section":"Shading Mode"},"sceneLighting":false,"audioPlay":false,"sceneViewState":{"showFog":true,"showMaterialUpdate":false,"showSkybox":false,"showFlares":true,"showImageEffects":true,"showParticleSystems":true},"in2DMode":false,"pivot":{"x":1.5,"y":0.9720000624656677,"z":14.610000610351563},"rotation":{"x":-0.24102550745010377,"y":0.17985402047634126,"z":-0.045586951076984408,"w":-0.9526966214179993},"size":5.472431182861328,"orthographic":false}